{
  "reward_history": [
    4,
    10,
    8,
    4,
    2,
    8,
    2,
    4,
    4,
    8,
    10,
    2,
    2,
    10,
    -2,
    4,
    2,
    8,
    2,
    8,
    10,
    2,
    8,
    14,
    0,
    4,
    2,
    8,
    8,
    6,
    6,
    12,
    4,
    4,
    4,
    4,
    8,
    2,
    8,
    14,
    -2,
    6,
    2,
    8,
    4,
    6,
    6,
    12,
    -2,
    8,
    -2,
    6,
    10,
    8,
    8,
    16,
    8,
    10,
    2,
    6,
    6,
    12,
    8,
    12,
    0,
    12,
    4,
    8,
    4,
    10,
    -2,
    10,
    2,
    12,
    2,
    8,
    4,
    6,
    6,
    10,
    0,
    8,
    6,
    6,
    4,
    8,
    4,
    14,
    4,
    10,
    0,
    4,
    4,
    12,
    4,
    10,
    8,
    10,
    8,
    2,
    2,
    8,
    4,
    12,
    6,
    8,
    -2,
    2,
    8,
    12,
    6,
    14,
    2,
    6,
    -2,
    2,
    8,
    12,
    2,
    10,
    4,
    6,
    2,
    2,
    6,
    10,
    8,
    14,
    8,
    10,
    6,
    6,
    4,
    4
  ],
  "loss_history": [
    25.17125129699707,
    44.69661331176758,
    32.34783935546875,
    10.767488479614258,
    5.285533905029297,
    15.197765350341797,
    0.2507905960083008,
    23.530071258544922,
    30.401561737060547,
    36.89120864868164,
    14.430490493774414,
    13.058329582214355,
    8.622459411621094,
    55.46089172363281,
    -0.40088820457458496,
    7.830842971801758,
    2.1349334716796875,
    34.8324089050293,
    1.094085693359375,
    18.644027709960938,
    14.894501686096191,
    7.214296340942383,
    30.698129653930664,
    49.74454879760742,
    1.242516040802002,
    2.4437854290008545,
    -1.8574774265289307,
    32.08781814575195,
    35.96620178222656,
    19.555614471435547,
    10.468212127685547,
    17.025344848632812,
    6.976962566375732,
    3.9400506019592285,
    10.8399658203125,
    11.87691879272461,
    22.12881851196289,
    -0.300449013710022,
    12.274689674377441,
    33.16038131713867,
    -7.20206356048584,
    17.452299118041992,
    13.402048110961914,
    20.659008026123047,
    6.074035167694092,
    16.129302978515625,
    21.408557891845703,
    41.406394958496094,
    0.08844733238220215,
    30.065589904785156,
    -3.3229775428771973,
    30.564315795898438,
    48.78148651123047,
    46.37041473388672,
    39.88749694824219,
    83.59705352783203,
    39.427001953125,
    40.02024459838867,
    15.249872207641602,
    28.799880981445312,
    17.730566024780273,
    50.34467315673828,
    40.448699951171875,
    50.67380905151367,
    -1.2643437385559082,
    45.88908004760742,
    13.089069366455078,
    32.81232452392578,
    10.609734535217285,
    35.91508102416992,
    -3.7290079593658447,
    33.193660736083984,
    -2.0829334259033203,
    38.338478088378906,
    12.240623474121094,
    19.342424392700195,
    9.500311851501465,
    23.21294593811035,
    9.706180572509766,
    38.69606399536133,
    -15.010540008544922,
    19.47744369506836,
    13.815988540649414,
    8.499085426330566,
    11.515918731689453,
    28.988853454589844,
    -6.696313858032227,
    43.12194061279297,
    -6.286135196685791,
    24.920469284057617,
    -20.459735870361328,
    -45.20530319213867,
    38.64017105102539,
    62.747642517089844,
    -44.535308837890625,
    39.86912536621094,
    10.635005950927734,
    15.048169136047363,
    6.7798614501953125,
    -40.583526611328125,
    5.528293132781982,
    12.785239219665527,
    -69.61896514892578,
    32.78042221069336,
    -26.324949264526367,
    -22.38131332397461,
    -67.75965118408203,
    -132.4244384765625,
    149.26040649414062,
    52.04910659790039,
    -52.4561882019043,
    21.755308151245117,
    -54.57708740234375,
    -6.683966636657715,
    -33.69321060180664,
    -11.395103454589844,
    69.63868713378906,
    71.05632019042969,
    -9.73511028289795,
    -3.102219581604004,
    -28.504905700683594,
    -11.849698066711426,
    -18.88252830505371,
    -22.359901428222656,
    51.2406120300293,
    29.279422760009766,
    -57.70899200439453,
    -20.027076721191406,
    -105.39874267578125,
    -84.6312255859375,
    -97.23186492919922,
    -240.15440368652344,
    53.35498046875,
    NaN
  ],
  "total_reward_history": [
    42,
    38,
    54,
    46,
    48,
    42,
    52,
    64,
    46,
    50,
    50,
    48,
    54,
    54,
    40,
    52,
    38
  ],
  "total_loss_history": [
    157.24735355377197,
    166.29489636421204,
    159.25693225860596,
    116.93201541900635,
    100.89733827114105,
    129.32958269119263,
    276.03182721138,
    282.6947479248047,
    166.51559853553772,
    148.95409488677979,
    103.71237659454346,
    49.69092512130737,
    -26.645500659942627,
    -78.28171920776367,
    21.508309364318848,
    -78.81306743621826,
    NaN
  ]
}