{
  "reward_history": [
    4,
    2,
    8,
    6,
    8,
    4,
    4,
    2,
    0,
    2,
    6,
    10,
    10,
    4,
    10,
    6,
    4,
    4,
    8,
    6,
    14,
    10,
    6,
    -2,
    4,
    6,
    14,
    10,
    10,
    8,
    6,
    -2,
    0,
    2,
    8,
    12,
    2,
    8,
    2,
    -2,
    0,
    2,
    8,
    12,
    2,
    8,
    2,
    -2,
    0,
    2,
    6,
    12,
    0,
    8,
    2,
    -2,
    -2,
    2,
    8,
    12,
    4,
    8,
    2,
    -2,
    0,
    2,
    8,
    12,
    0,
    8,
    0,
    -2,
    -2,
    2,
    8,
    12,
    4,
    8,
    0,
    -2,
    0,
    2,
    6,
    12,
    2,
    8,
    4,
    -2,
    -2,
    2,
    8,
    12,
    4,
    8,
    0,
    -2,
    -2,
    2,
    6,
    12,
    2,
    8,
    4,
    -2,
    -2,
    2,
    6,
    12,
    2,
    8,
    4,
    -2,
    -2,
    2,
    6,
    12,
    4,
    8,
    2,
    -2,
    -2,
    2,
    6,
    12,
    2,
    8,
    2,
    -2,
    0,
    2,
    6,
    12,
    2,
    8,
    0,
    -2,
    -2,
    2,
    6,
    12,
    0,
    8,
    2,
    -2,
    0,
    2,
    8,
    12,
    2,
    8,
    2,
    -2,
    0,
    2,
    6,
    12,
    4,
    8,
    0,
    -2
  ],
  "loss_history": [
    22.785051345825195,
    4.203120708465576,
    31.842998504638672,
    28.961599349975586,
    27.876697540283203,
    13.951529502868652,
    12.011190414428711,
    3.9154350757598877,
    6.609781742095947,
    4.805483341217041,
    14.93427848815918,
    27.558879852294922,
    25.03557014465332,
    16.361953735351562,
    31.581628799438477,
    13.336187362670898,
    10.082533836364746,
    14.169072151184082,
    31.478736877441406,
    13.338720321655273,
    51.17155075073242,
    27.763633728027344,
    15.11813735961914,
    -3.7178516387939453,
    17.17816734313965,
    16.058691024780273,
    47.13292694091797,
    19.167396545410156,
    28.344955444335938,
    18.178325653076172,
    14.683724403381348,
    -3.9071383476257324,
    0.22663700580596924,
    3.1599538326263428,
    12.01924991607666,
    18.074514389038086,
    3.08292293548584,
    11.136907577514648,
    2.8057966232299805,
    -2.7910337448120117,
    0.2640188932418823,
    3.740079402923584,
    13.940584182739258,
    20.42414093017578,
    2.9936203956604004,
    11.151768684387207,
    3.254392623901367,
    -3.4692978858947754,
    -0.1384667158126831,
    5.655655860900879,
    13.265432357788086,
    26.088226318359375,
    0.6164157390594482,
    11.131443977355957,
    3.2375314235687256,
    -3.2838327884674072,
    -3.5238192081451416,
    7.507198333740234,
    24.64141082763672,
    37.51898956298828,
    10.577550888061523,
    13.099625587463379,
    2.8175222873687744,
    -3.6646997928619385,
    -0.17501282691955566,
    8.713397026062012,
    26.953224182128906,
    44.10002136230469,
    3.9537720680236816,
    22.001312255859375,
    1.4889895915985107,
    -3.404776096343994,
    -2.8451013565063477,
    2.7613167762756348,
    11.667680740356445,
    18.891830444335938,
    7.028580665588379,
    13.005995750427246,
    0.5089983940124512,
    -2.8271324634552,
    0.2486865520477295,
    3.019951581954956,
    8.579965591430664,
    16.947296142578125,
    2.8589367866516113,
    11.111854553222656,
    5.532951354980469,
    -2.816283702850342,
    -2.8595423698425293,
    2.86114764213562,
    11.452791213989258,
    17.408430099487305,
    5.886425971984863,
    11.438051223754883,
    -0.027599096298217773,
    -2.8481245040893555,
    -2.8493659496307373,
    2.7766430377960205,
    8.36731243133545,
    16.72318458557129,
    2.749667167663574,
    11.092903137207031,
    5.52067756652832,
    -2.783804178237915,
    -2.7527108192443848,
    2.768955707550049,
    8.350518226623535,
    16.66602897644043,
    2.8043267726898193,
    11.144187927246094,
    5.541667461395264,
    -2.786795139312744,
    -2.753509759902954,
    2.746746063232422,
    8.344160079956055,
    16.650087356567383,
    5.5324883460998535,
    11.092137336730957,
    2.7157745361328125,
    -2.799065351486206,
    0.07794570922851562,
    2.696262836456299,
    1.4059944152832031,
    16.765308380126953,
    2.7514617443084717,
    11.125853538513184,
    2.6498730182647705,
    -2.8238301277160645,
    1.2058918476104736,
    2.551516056060791,
    5.706392288208008,
    16.841495513916016,
    2.655334949493408,
    11.127618789672852,
    -0.2253800630569458,
    -2.8461508750915527,
    -1.7548229694366455,
    0.7297418117523193,
    8.354145050048828,
    16.704986572265625,
    -0.06193232536315918,
    11.092841148376465,
    2.7082996368408203,
    -2.814469814300537,
    -0.016746997833251953,
    2.6946229934692383,
    11.136703491210938,
    16.703336715698242,
    2.731240749359131,
    11.069779396057129,
    2.664064884185791,
    -2.8321533203125,
    -0.05985283851623535,
    2.638747215270996,
    8.395853996276855,
    16.895654678344727,
    5.514883518218994,
    11.048429489135742,
    -0.154768705368042,
    -2.8413028717041016
  ],
  "total_reward_history": [
    38,
    48,
    50,
    56,
    32,
    32,
    28,
    32,
    28,
    30,
    32,
    30,
    30,
    30,
    30,
    28,
    28,
    26,
    32,
    30
  ],
  "total_loss_history": [
    145.54762244224548,
    140.22376346588135,
    159.40453338623047,
    156.83704900741577,
    47.714948534965515,
    52.299307227134705,
    56.57240617275238,
    88.97377848625183,
    103.63092756271362,
    48.192168951034546,
    45.48335886001587,
    43.311580181121826,
    41.59721779823303,
    41.73617911338806,
    41.52881860733032,
    34.64886951446533,
    37.01671850681305,
    34.958789110183716,
    44.15084791183472,
    41.437644481658936
  ]
}