{
  "reward_history": [
    8,
    2,
    16,
    6,
    10,
    14,
    8,
    10,
    6,
    2,
    10,
    6,
    2,
    14,
    10,
    10,
    14,
    4,
    10,
    8,
    2,
    12,
    10,
    10,
    8,
    4,
    10,
    4,
    6,
    16,
    8,
    12,
    8,
    2,
    10,
    4,
    6,
    14,
    4,
    8,
    10,
    4,
    12,
    4,
    6,
    14,
    8,
    10,
    8,
    6,
    12,
    4,
    6,
    14,
    8,
    10,
    10,
    6,
    10,
    4,
    2,
    14,
    8,
    10,
    8,
    4,
    14,
    8,
    2,
    14,
    8,
    10,
    12,
    2,
    16,
    4,
    2,
    14,
    8,
    10,
    10,
    4,
    10,
    4,
    0,
    14,
    6,
    10,
    12,
    2,
    14,
    8,
    2,
    14,
    8,
    10,
    12,
    0,
    8,
    4,
    8,
    12,
    10,
    10,
    14,
    6,
    14,
    8,
    6,
    16,
    12,
    8,
    12,
    4,
    12,
    6,
    6,
    16,
    8,
    8,
    10,
    8,
    12,
    6,
    6,
    18,
    10,
    8,
    12,
    -2,
    6,
    6,
    6,
    18,
    8,
    10,
    8,
    8,
    10,
    8,
    4,
    18,
    12,
    8,
    8,
    -2,
    10,
    10,
    8,
    14,
    8,
    4,
    10,
    0,
    10,
    2,
    4,
    8,
    4,
    2
  ],
  "loss_history": [
    48.251487731933594,
    9.464776992797852,
    67.92066192626953,
    26.857887268066406,
    26.27862548828125,
    43.92467498779297,
    20.95222282409668,
    20.809690475463867,
    19.85641860961914,
    4.965941429138184,
    27.683517456054688,
    8.276061058044434,
    3.7648258209228516,
    48.63009262084961,
    18.65086555480957,
    17.746877670288086,
    34.997074127197266,
    12.49815559387207,
    17.29677391052246,
    11.282547950744629,
    2.030078172683716,
    22.4188232421875,
    18.705509185791016,
    16.62203025817871,
    7.186042785644531,
    6.466523170471191,
    17.961570739746094,
    9.710580825805664,
    15.756272315979004,
    45.34124755859375,
    22.82015037536621,
    41.88688659667969,
    21.580493927001953,
    9.601383209228516,
    42.51345443725586,
    20.92470359802246,
    11.831778526306152,
    50.34616470336914,
    14.249715805053711,
    20.146934509277344,
    34.69414520263672,
    9.971348762512207,
    44.053470611572266,
    11.186226844787598,
    8.878902435302734,
    31.687759399414062,
    16.161741256713867,
    13.616986274719238,
    14.495957374572754,
    8.635485649108887,
    18.296733856201172,
    -0.8518061637878418,
    8.367069244384766,
    21.15244483947754,
    11.413665771484375,
    16.218120574951172,
    14.628149032592773,
    8.142586708068848,
    18.43475341796875,
    5.7135009765625,
    2.6855664253234863,
    19.819944381713867,
    11.371116638183594,
    13.938797950744629,
    10.947280883789062,
    4.719637393951416,
    21.74653434753418,
    11.067404747009277,
    3.6814308166503906,
    22.531469345092773,
    11.85923957824707,
    17.47403335571289,
    16.58769416809082,
    4.043094635009766,
    27.743873596191406,
    4.135377883911133,
    3.559236764907837,
    51.19234848022461,
    15.778395652770996,
    29.354686737060547,
    25.605255126953125,
    10.230234146118164,
    16.035179138183594,
    4.64349365234375,
    -1.6823291778564453,
    37.900325775146484,
    11.971681594848633,
    16.689823150634766,
    14.894960403442383,
    3.6971428394317627,
    29.07246208190918,
    16.567485809326172,
    4.947500705718994,
    26.98621368408203,
    18.48544692993164,
    14.588165283203125,
    21.032407760620117,
    7.740794658660889,
    16.041709899902344,
    8.650718688964844,
    27.09355926513672,
    31.312702178955078,
    29.61920738220215,
    38.46260452270508,
    45.63968276977539,
    22.158109664916992,
    39.967899322509766,
    25.94647789001465,
    12.705765724182129,
    51.193809509277344,
    29.68057632446289,
    23.71247100830078,
    38.2353515625,
    9.025015830993652,
    34.743186950683594,
    28.289392471313477,
    10.453336715698242,
    41.51287078857422,
    18.02506446838379,
    22.3419132232666,
    32.17369842529297,
    24.483003616333008,
    40.57346725463867,
    12.134491920471191,
    18.29500961303711,
    54.222103118896484,
    26.312410354614258,
    23.41895866394043,
    37.9853401184082,
    -17.834985733032227,
    26.07795524597168,
    22.894256591796875,
    23.37616729736328,
    59.320899963378906,
    11.83197021484375,
    21.979053497314453,
    18.585025787353516,
    21.9227294921875,
    27.15157699584961,
    21.648239135742188,
    6.652009963989258,
    57.46821212768555,
    56.12565994262695,
    38.470550537109375,
    26.660919189453125,
    -11.121105194091797,
    44.99860763549805,
    33.300941467285156,
    25.937835693359375,
    44.08863830566406,
    24.87265968322754,
    15.919054985046387,
    36.47453689575195,
    -1.6001935005187988,
    25.496686935424805,
    10.529670715332031,
    7.3522796630859375,
    17.556400299072266,
    10.548052787780762,
    2.0434279441833496
  ],
  "total_reward_history": [
    74,
    60,
    70,
    68,
    56,
    68,
    68,
    64,
    68,
    68,
    58,
    70,
    64,
    84,
    72,
    78,
    64,
    76,
    60,
    40
  ],
  "total_loss_history": [
    264.46002769470215,
    149.57460021972656,
    135.85099244117737,
    167.12927436828613,
    191.19462871551514,
    170.2505807876587,
    97.72767114639282,
    94.73441553115845,
    104.02703046798706,
    152.39470791816711,
    121.39366340637207,
    129.2393777370453,
    179.95370435714722,
    251.00479221343994,
    202.62613201141357,
    231.61314296722412,
    185.63065719604492,
    248.02400398254395,
    204.6575517654419,
    108.4008617401123
  ]
}