{
  "reward_history": [
    12,
    -2,
    -2,
    6,
    8,
    4,
    -2,
    4,
    2,
    -2,
    0,
    6,
    6,
    4,
    2,
    0,
    4,
    0,
    -4,
    6,
    6,
    2,
    -2,
    0,
    4,
    0,
    -2,
    6,
    4,
    4,
    -2,
    -2,
    4,
    0,
    -4,
    4,
    6,
    4,
    0,
    -2,
    4,
    2,
    -6,
    6,
    4,
    4,
    -2,
    -2,
    4,
    0,
    -6,
    4,
    6,
    4,
    -2,
    -2,
    4,
    0,
    -4,
    4,
    6,
    4,
    -2,
    -2,
    4,
    0,
    -2,
    4,
    6,
    8
  ],
  "loss_history": [
    71.68318939208984,
    -21.222808837890625,
    -8.653078079223633,
    13.694587707519531,
    13.470074653625488,
    5.579962730407715,
    0.4666910171508789,
    16.656015396118164,
    9.974250793457031,
    -5.466609001159668,
    1.26751708984375,
    63.315399169921875,
    37.90370178222656,
    7.550387859344482,
    7.078078269958496,
    -1.4482771158218384,
    8.02534008026123,
    -0.04371082782745361,
    -5.063788414001465,
    9.18001651763916,
    9.278791427612305,
    0.684157133102417,
    -7.7483110427856445,
    0.9260754585266113,
    17.781173706054688,
    -0.13010787963867188,
    -13.690908432006836,
    35.81734085083008,
    4.237457275390625,
    6.145734786987305,
    -31.76848793029785,
    -13.167082786560059,
    14.765439987182617,
    -22.147842407226562,
    -37.29594039916992,
    7.290164947509766,
    22.65017318725586,
    -10.488668441772461,
    -34.5244140625,
    -32.29985046386719,
    3.825166940689087,
    -26.374834060668945,
    -70.47085571289062,
    37.03803253173828,
    -20.420944213867188,
    -16.547334671020508,
    -103.55685424804688,
    -76.6016845703125,
    -7.210799217224121,
    -114.18245697021484,
    -134.48619079589844,
    -18.136154174804688,
    -9.001934051513672,
    -51.81745147705078,
    -187.1440887451172,
    -146.16690063476562,
    -26.232410430908203,
    -220.22674560546875,
    -266.46099853515625,
    -41.824432373046875,
    -39.11701965332031,
    -110.231201171875,
    -330.47808837890625,
    -258.8590087890625,
    -66.25553894042969,
    -383.97076416015625,
    -306.78814697265625,
    -82.60014343261719,
    -89.55715942382812,
    NaN
  ],
  "total_reward_history": [
    28,
    18,
    12,
    12,
    12,
    10,
    8,
    10,
    20
  ],
  "total_loss_history": [
    91.67463397979736,
    120.17444884777069,
    15.23857033252716,
    5.225119590759277,
    -92.05093765258789,
    -273.1093080043793,
    -668.1459760665894,
    -1293.4299049377441,
    NaN
  ]
}